123.6,541.97,7.33
130.58,541.97,3.88
137.58,541.97,3.42
144.57,541.97,3.34
151.56,541.97,3.25
158.55,541.97,3.16
165.54,541.97,3.07
172.53,541.97,2.98
179.52,541.97,2.89
186.51,541.97,2.8
193.5,541.97,2.71
200.49,541.97,2.62
207.48,541.97,2.53
214.47,541.97,2.44
221.46,541.97,2.36
228.45,541.97,2.28
235.44,541.97,2.2
242.43,541.97,2.12
249.42,541.97,2.04
256.41,541.97,1.99
263.4,541.97,1.99
270.39,541.97,1.99
277.38,541.97,1.99
284.37,541.97,1.99
291.36,541.97,1.99
298.35,541.97,1.99
305.34,541.97,1.99
312.33,541.97,1.99
319.32,541.97,1.99
326.31,541.97,1.99
333.29,541.97,1.99
340.29,541.97,1.99
347.28,541.97,1.99
354.27,541.97,1.99
361.26,541.97,1.99
368.25,541.97,1.99
375.24,541.97,1.99
382.23,541.97,1.99
389.22,541.97,1.99
396.21,541.97,1.99
403.2,541.97,1.99
410.19,541.97,1.99
417.17,541.97,1.99
424.17,541.97,1.99
431.16,541.97,1.99
438.15,541.97,1.99
445.14,541.97,1.99
452.13,541.97,1.99
459.12,541.97,1.99
466.11,541.97,1.99
473.1,541.97,1.99
480.09,541.97,1.99
487.08,541.97,1.99
494.07,541.97,1.99
501.05,541.97,1.99
508.04,541.97,1.99
515.04,541.97,1.99
522.03,541.97,1.99
529.02,541.97,1.99
536.01,541.97,1.99
543.0,541.97,1.99
549.99,541.97,1.99
556.98,541.97,1.99
563.97,541.97,1.99
570.96,541.97,1.99
577.95,541.97,1.99
584.94,541.97,1.99
591.93,541.97,1.99
598.92,541.97,1.99
605.91,541.97,1.99
612.9,541.97,1.99
619.89,541.97,1.99
626.88,541.97,1.99
633.87,541.97,1.99
640.86,541.97,1.99
647.85,541.97,1.99
654.84,541.97,1.99
661.83,541.97,1.99
668.82,541.97,1.99
675.81,541.97,1.99
682.8,541.97,1.99
689.79,541.97,1.99
696.78,541.97,1.99
703.77,541.97,1.99
710.76,541.97,1.99
717.75,541.97,1.99
724.74,541.97,1.99
731.73,541.97,1.99
738.72,541.97,1.99
745.71,541.97,1.99
752.7,541.97,1.99
759.69,541.97,1.99
766.68,541.97,1.99
773.67,541.97,1.99
780.66,541.97,1.99
787.65,541.97,1.99
794.64,541.97,1.99
801.63,541.97,1.99
808.62,541.97,1.99
815.61,541.97,1.99
822.6,541.97,1.99
829.59,541.97,1.99
836.58,541.97,1.99
843.57,541.97,1.99
850.56,541.97,1.99
857.55,541.97,1.99
864.54,541.97,1.99
871.53,541.97,1.99
878.52,541.97,1.99
885.51,541.97,1.99
892.5,541.97,2.2
899.49,541.97,3.41
123.6,537.44,5.85
130.58,537.44,3.11
137.58,537.44,2.72
144.57,537.44,2.67
151.56,537.44,2.61
158.55,537.44,2.54
165.54,537.44,2.48
172.53,537.44,2.41
179.52,537.44,2.34
186.51,537.44,2.27
193.5,537.44,2.2
200.49,537.44,2.14
207.48,537.44,2.07
214.47,537.44,2.0
221.46,537.44,1.93
228.45,537.44,1.87
235.44,537.44,1.81
242.43,537.44,1.74
249.42,537.44,1.68
256.41,537.44,1.63
263.4,537.44,1.57
270.39,537.44,1.52
277.38,537.44,1.46
284.37,537.44,1.41
291.36,537.44,1.38
298.35,537.44,1.38
305.34,537.44,1.38
312.33,537.44,1.38
319.32,537.44,1.38
326.31,537.44,1.38
333.29,537.44,1.38
340.29,537.44,1.38
347.28,537.44,1.38
354.27,537.44,1.38
361.26,537.44,1.38
368.25,537.44,1.38
375.24,537.44,1.38
382.23,537.44,1.38
389.22,537.44,1.38
396.21,537.44,1.38
403.2,537.44,1.38
410.19,537.44,1.38
417.17,537.44,1.38
424.17,537.44,1.38
431.16,537.44,1.38
438.15,537.44,1.38
445.14,537.44,1.38
452.13,537.44,1.38
459.12,537.44,1.38
466.11,537.44,1.38
473.1,537.44,1.38
480.09,537.44,1.38
487.08,537.44,1.38
494.07,537.44,1.38
501.05,537.44,1.38
508.04,537.44,1.38
515.04,537.44,1.38
522.03,537.44,1.38
529.02,537.44,1.38
536.01,537.44,1.38
543.0,537.44,1.38
549.99,537.44,1.38
556.98,537.44,1.38
563.97,537.44,1.38
570.96,537.44,1.38
577.95,537.44,1.38
584.94,537.44,1.38
591.93,537.44,1.38
598.92,537.44,1.38
605.91,537.44,1.38
612.9,537.44,1.38
619.89,537.44,1.38
626.88,537.44,1.38
633.87,537.44,1.38
640.86,537.44,1.38
647.85,537.44,1.38
654.84,537.44,1.38
661.83,537.44,1.38
668.82,537.44,1.38
675.81,537.44,1.38
682.8,537.44,1.38
689.79,537.44,1.38
696.78,537.44,1.38
703.77,537.44,1.38
710.76,537.44,1.38
717.75,537.44,1.38
724.74,537.44,1.38
731.73,537.44,1.38
738.72,537.44,1.38
745.71,537.44,1.38
752.7,537.44,1.38
759.69,537.44,1.38
766.68,537.44,1.38
773.67,537.44,1.38
780.66,537.44,1.38
787.65,537.44,1.38
794.64,537.44,1.38
801.63,537.44,1.38
808.62,537.44,1.38
815.61,537.44,1.38
822.6,537.44,1.38
829.59,537.44,1.38
836.58,537.44,1.38
843.57,537.44,1.38
850.56,537.44,1.38
857.55,537.44,1.38
864.54,537.44,1.38
871.53,537.44,1.38
878.52,537.44,1.38
885.51,537.44,1.38
892.5,537.44,1.53
899.49,537.44,2.87
123.6,532.91,5.69
130.58,532.91,3.0
137.58,532.91,2.64
144.57,532.91,2.6
151.56,532.91,2.55
158.55,532.91,2.5
165.54,532.91,2.44
172.53,532.91,2.38
179.52,532.91,2.32
186.51,532.91,2.26
193.5,532.91,2.19
200.49,532.91,2.13
207.48,532.91,2.07
214.47,532.91,2.0
221.46,532.91,1.94
228.45,532.91,1.88
235.44,532.91,1.82
242.43,532.91,1.76
249.42,532.91,1.7
256.41,532.91,1.64
263.4,532.91,1.59
270.39,532.91,1.53
277.38,532.91,1.48
284.37,532.91,1.43
291.36,532.91,1.38
298.35,532.91,1.38
305.34,532.91,1.38
312.33,532.91,1.38
319.32,532.91,1.38
326.31,532.91,1.38
333.29,532.91,1.38
340.29,532.91,1.38
347.28,532.91,1.38
354.27,532.91,1.38
361.26,532.91,1.38
368.25,532.91,1.38
375.24,532.91,1.38
382.23,532.91,1.38
389.22,532.91,1.38
396.21,532.91,1.38
403.2,532.91,1.38
410.19,532.91,1.38
417.17,532.91,1.38
424.17,532.91,1.38
431.16,532.91,1.38
438.15,532.91,1.38
445.14,532.91,1.38
452.13,532.91,1.38
459.12,532.91,1.38
466.11,532.91,1.38
473.1,532.91,1.38
480.09,532.91,1.38
487.08,532.91,1.38
494.07,532.91,1.38
501.05,532.91,1.38
508.04,532.91,1.38
515.04,532.91,1.38
522.03,532.91,1.38
529.02,532.91,1.38
536.01,532.91,1.38
543.0,532.91,1.38
549.99,532.91,1.38
556.98,532.91,1.38
563.97,532.91,1.38
570.96,532.91,1.38
577.95,532.91,1.38
584.94,532.91,1.38
591.93,532.91,1.38
598.92,532.91,1.38
605.91,532.91,1.38
612.9,532.91,1.38
619.89,532.91,1.38
626.88,532.91,1.38
633.87,532.91,1.38
640.86,532.91,1.38
647.85,532.91,1.38
654.84,532.91,1.38
661.83,532.91,1.38
668.82,532.91,1.38
675.81,532.91,1.38
682.8,532.91,1.38
689.79,532.91,1.38
696.78,532.91,1.38
703.77,532.91,1.38
710.76,532.91,1.38
717.75,532.91,1.38
724.74,532.91,1.38
731.73,532.91,1.38
738.72,532.91,1.38
745.71,532.91,1.38
752.7,532.91,1.38
759.69,532.91,1.38
766.68,532.91,1.38
773.67,532.91,1.38
780.66,532.91,1.38
787.65,532.91,1.38
794.64,532.91,1.38
801.63,532.91,1.38
808.62,532.91,1.38
815.61,532.91,1.38
822.6,532.91,1.38
829.59,532.91,1.38
836.58,532.91,1.38
843.57,532.91,1.38
850.56,532.91,1.38
857.55,532.91,1.38
864.54,532.91,1.38
871.53,532.91,1.38
878.52,532.91,1.38
885.51,532.91,1.38
892.5,532.91,1.53
899.49,532.91,2.87
123.6,528.38,5.52
130.58,528.38,2.89
137.58,528.38,2.56
144.57,528.38,2.52
151.56,528.38,2.49
158.55,528.38,2.44
165.54,528.38,2.39
172.53,528.38,2.34
179.52,528.38,2.29
186.51,528.38,2.23
193.5,528.38,2.17
200.49,528.38,2.11
207.48,528.38,2.06
214.47,528.38,2.0
221.46,528.38,1.94
228.45,528.38,1.88
235.44,528.38,1.82
242.43,528.38,1.76
249.42,528.38,1.71
256.41,528.38,1.65
263.4,528.38,1.6
270.39,528.38,1.55
277.38,528.38,1.5
284.37,528.38,1.45
291.36,528.38,1.4
298.35,528.38,1.38
305.34,528.38,1.38
312.33,528.38,1.38
319.32,528.38,1.38
326.31,528.38,1.38
333.29,528.38,1.38
340.29,528.38,1.38
347.28,528.38,1.38
354.27,528.38,1.38
361.26,528.38,1.38
368.25,528.38,1.38
375.24,528.38,1.38
382.23,528.38,1.38
389.22,528.38,1.38
396.21,528.38,1.38
403.2,528.38,1.38
410.19,528.38,1.38
417.17,528.38,1.38
424.17,528.38,1.38
431.16,528.38,1.38
438.15,528.38,1.38
445.14,528.38,1.38
452.13,528.38,1.38
459.12,528.38,1.38
466.11,528.38,1.38
473.1,528.38,1.38
480.09,528.38,1.38
487.08,528.38,1.38
494.07,528.38,1.38
501.05,528.38,1.38
508.04,528.38,1.38
515.04,528.38,1.38
522.03,528.38,1.38
529.02,528.38,1.38
536.01,528.38,1.38
543.0,528.38,1.38
549.99,528.38,1.38
556.98,528.38,1.38
563.97,528.38,1.38
570.96,528.38,1.38
577.95,528.38,1.38
584.94,528.38,1.38
591.93,528.38,1.38
598.92,528.38,1.38
605.91,528.38,1.38
612.9,528.38,1.38
619.89,528.38,1.38
626.88,528.38,1.38
633.87,528.38,1.38
640.86,528.38,1.38
647.85,528.38,1.38
654.84,528.38,1.38
661.83,528.38,1.38
668.82,528.38,1.38
675.81,528.38,1.38
682.8,528.38,1.38
689.79,528.38,1.38
696.78,528.38,1.38
703.77,528.38,1.38
710.76,528.38,1.38
717.75,528.38,1.38
724.74,528.38,1.38
731.73,528.38,1.38
738.72,528.38,1.38
745.71,528.38,1.38
752.7,528.38,1.38
759.69,528.38,1.38
766.68,528.38,1.38
773.67,528.38,1.38
780.66,528.38,1.38
787.65,528.38,1.38
794.64,528.38,1.38
801.63,528.38,1.38
808.62,528.38,1.38
815.61,528.38,1.38
822.6,528.38,1.38
829.59,528.38,1.38
836.58,528.38,1.38
843.57,528.38,1.38
850.56,528.38,1.38
857.55,528.38,1.38
864.54,528.38,1.38
871.53,528.38,1.38
878.52,528.38,1.38
885.51,528.38,1.38
892.5,528.38,1.53
899.49,528.38,2.87
123.6,523.85,5.33
130.58,523.85,2.77
137.58,523.85,2.46
144.57,523.85,2.44
151.56,523.85,2.41
158.55,523.85,2.38
165.54,523.85,2.34
172.53,523.85,2.29
179.52,523.85,2.25
186.51,523.85,2.2
193.5,523.85,2.15
200.49,523.85,2.09
207.48,523.85,2.04
214.47,523.85,1.98
221.46,523.85,1.93
228.45,523.85,1.87
235.44,523.85,1.82
242.43,523.85,1.77
249.42,523.85,1.71
256.41,523.85,1.66
263.4,523.85,1.61
270.39,523.85,1.56
277.38,523.85,1.51
284.37,523.85,1.46
291.36,523.85,1.42
298.35,523.85,1.38
305.34,523.85,1.38
312.33,523.85,1.38
319.32,523.85,1.38
326.31,523.85,1.38
333.29,523.85,1.38
340.29,523.85,1.38
347.28,523.85,1.38
354.27,523.85,1.38
361.26,523.85,1.38
368.25,523.85,1.38
375.24,523.85,1.38
382.23,523.85,1.38
389.22,523.85,1.38
396.21,523.85,1.38
403.2,523.85,1.38
410.19,523.85,1.38
417.17,523.85,1.38
424.17,523.85,1.38
431.16,523.85,1.38
438.15,523.85,1.38
445.14,523.85,1.38
452.13,523.85,1.38
459.12,523.85,1.38
466.11,523.85,1.38
473.1,523.85,1.38
480.09,523.85,1.38
487.08,523.85,1.38
494.07,523.85,1.38
501.05,523.85,1.38
508.04,523.85,1.38
515.04,523.85,1.38
522.03,523.85,1.38
529.02,523.85,1.38
536.01,523.85,1.38
543.0,523.85,1.38
549.99,523.85,1.38
556.98,523.85,1.38
563.97,523.85,1.38
570.96,523.85,1.38
577.95,523.85,1.38
584.94,523.85,1.38
591.93,523.85,1.38
598.92,523.85,1.38
605.91,523.85,1.38
612.9,523.85,1.38
619.89,523.85,1.38
626.88,523.85,1.38
633.87,523.85,1.38
640.86,523.85,1.38
647.85,523.85,1.38
654.84,523.85,1.38
661.83,523.85,1.38
668.82,523.85,1.38
675.81,523.85,1.38
682.8,523.85,1.38
689.79,523.85,1.38
696.78,523.85,1.38
703.77,523.85,1.38
710.76,523.85,1.38
717.75,523.85,1.38
724.74,523.85,1.38
731.73,523.85,1.38
738.72,523.85,1.38
745.71,523.85,1.38
752.7,523.85,1.38
759.69,523.85,1.38
766.68,523.85,1.38
773.67,523.85,1.38
780.66,523.85,1.38
787.65,523.85,1.38
794.64,523.85,1.38
801.63,523.85,1.38
808.62,523.85,1.38
815.61,523.85,1.38
822.6,523.85,1.38
829.59,523.85,1.38
836.58,523.85,1.38
843.57,523.85,1.38
850.56,523.85,1.38
857.55,523.85,1.38
864.54,523.85,1.38
871.53,523.85,1.38
878.52,523.85,1.38
885.51,523.85,1.38
892.5,523.85,1.53
899.49,523.85,2.87
123.6,519.32,5.12
130.58,519.32,2.64
137.58,519.32,2.35
144.57,519.32,2.34
151.56,519.32,2.33
158.55,519.32,2.3
165.54,519.32,2.27
172.53,519.32,2.24
179.52,519.32,2.2
186.51,519.32,2.15
193.5,519.32,2.11
200.49,519.32,2.06
207.48,519.32,2.01
214.47,519.32,1.96
221.46,519.32,1.91
228.45,519.32,1.86
235.44,519.32,1.81
242.43,519.32,1.76
249.42,519.32,1.71
256.41,519.32,1.66
263.4,519.32,1.61
270.39,519.32,1.56
277.38,519.32,1.52
284.37,519.32,1.47
291.36,519.32,1.42
298.35,519.32,1.38
305.34,519.32,1.38
312.33,519.32,1.38
319.32,519.32,1.38
326.31,519.32,1.38
333.29,519.32,1.38
340.29,519.32,1.38
347.28,519.32,1.38
354.27,519.32,1.38
361.26,519.32,1.38
368.25,519.32,1.38
375.24,519.32,1.38
382.23,519.32,1.38
389.22,519.32,1.38
396.21,519.32,1.38
403.2,519.32,1.38
410.19,519.32,1.38
417.17,519.32,1.38
424.17,519.32,1.38
431.16,519.32,1.38
438.15,519.32,1.38
445.14,519.32,1.38
452.13,519.32,1.38
459.12,519.32,1.38
466.11,519.32,1.38
473.1,519.32,1.38
480.09,519.32,1.38
487.08,519.32,1.38
494.07,519.32,1.38
501.05,519.32,1.38
508.04,519.32,1.38
515.04,519.32,1.38
522.03,519.32,1.38
529.02,519.32,1.38
536.01,519.32,1.38
543.0,519.32,1.38
549.99,519.32,1.38
556.98,519.32,1.38
563.97,519.32,1.38
570.96,519.32,1.38
577.95,519.32,1.38
584.94,519.32,1.38
591.93,519.32,1.38
598.92,519.32,1.38
605.91,519.32,1.38
612.9,519.32,1.38
619.89,519.32,1.38
626.88,519.32,1.38
633.87,519.32,1.38
640.86,519.32,1.38
647.85,519.32,1.38
654.84,519.32,1.38
661.83,519.32,1.38
668.82,519.32,1.38
675.81,519.32,1.38
682.8,519.32,1.38
689.79,519.32,1.38
696.78,519.32,1.38
703.77,519.32,1.38
710.76,519.32,1.38
717.75,519.32,1.38
724.74,519.32,1.38
731.73,519.32,1.38
738.72,519.32,1.38
745.71,519.32,1.38
752.7,519.32,1.38
759.69,519.32,1.38
766.68,519.32,1.38
773.67,519.32,1.38
780.66,519.32,1.38
787.65,519.32,1.38
794.64,519.32,1.38
801.63,519.32,1.38
808.62,519.32,1.38
815.61,519.32,1.38
822.6,519.32,1.38
829.59,519.32,1.38
836.58,519.32,1.38
843.57,519.32,1.38
850.56,519.32,1.38
857.55,519.32,1.38
864.54,519.32,1.38
871.53,519.32,1.38
878.52,519.32,1.38
885.51,519.32,1.38
892.5,519.32,1.53
899.49,519.32,2.87
123.6,514.79,4.91
130.58,514.79,2.51
137.58,514.79,2.25
144.57,514.79,2.25
151.56,514.79,2.24
158.55,514.79,2.22
165.54,514.79,2.2
172.53,514.79,2.17
179.52,514.79,2.14
186.51,514.79,2.1
193.5,514.79,2.07
200.49,514.79,2.02
207.48,514.79,1.98
214.47,514.79,1.94
221.46,514.79,1.89
228.45,514.79,1.84
235.44,514.79,1.8
242.43,514.79,1.75
249.42,514.79,1.7
256.41,514.79,1.66
263.4,514.79,1.61
270.39,514.79,1.56
277.38,514.79,1.52
284.37,514.79,1.47
291.36,514.79,1.43
298.35,514.79,1.39
305.34,514.79,1.38
312.33,514.79,1.38
319.32,514.79,1.38
326.31,514.79,1.38
333.29,514.79,1.38
340.29,514.79,1.38
347.28,514.79,1.38
354.27,514.79,1.38
361.26,514.79,1.38
368.25,514.79,1.38
375.24,514.79,1.38
382.23,514.79,1.38
389.22,514.79,1.38
396.21,514.79,1.38
403.2,514.79,1.38
410.19,514.79,1.38
417.17,514.79,1.38
424.17,514.79,1.38
431.16,514.79,1.38
438.15,514.79,1.38
445.14,514.79,1.38
452.13,514.79,1.38
459.12,514.79,1.38
466.11,514.79,1.38
473.1,514.79,1.38
480.09,514.79,1.38
487.08,514.79,1.38
494.07,514.79,1.38
501.05,514.79,1.38
508.04,514.79,1.38
515.04,514.79,1.38
522.03,514.79,1.38
529.02,514.79,1.38
536.01,514.79,1.38
543.0,514.79,1.38
549.99,514.79,1.38
556.98,514.79,1.38
563.97,514.79,1.38
570.96,514.79,1.38
577.95,514.79,1.38
584.94,514.79,1.38
591.93,514.79,1.38
598.92,514.79,1.38
605.91,514.79,1.38
612.9,514.79,1.38
619.89,514.79,1.38
626.88,514.79,1.38
633.87,514.79,1.38
640.86,514.79,1.38
647.85,514.79,1.38
654.84,514.79,1.38
661.83,514.79,1.38
668.82,514.79,1.38
675.81,514.79,1.38
682.8,514.79,1.38
689.79,514.79,1.38
696.78,514.79,1.38
703.77,514.79,1.38
710.76,514.79,1.38
717.75,514.79,1.38
724.74,514.79,1.38
731.73,514.79,1.38
738.72,514.79,1.38
745.71,514.79,1.38
752.7,514.79,1.38
759.69,514.79,1.38
766.68,514.79,1.38
773.67,514.79,1.38
780.66,514.79,1.38
787.65,514.79,1.38
794.64,514.79,1.38
801.63,514.79,1.38
808.62,514.79,1.38
815.61,514.79,1.38
822.6,514.79,1.38
829.59,514.79,1.38
836.58,514.79,1.38
843.57,514.79,1.38
850.56,514.79,1.38
857.55,514.79,1.38
864.54,514.79,1.38
871.53,514.79,1.38
878.52,514.79,1.38
885.51,514.79,1.38
892.5,514.79,1.53
899.49,514.79,2.87
123.6,510.26,4.68
130.58,510.26,2.37
137.58,510.26,2.13
144.57,510.26,2.14
151.56,510.26,2.14
158.55,510.26,2.13
165.54,510.26,2.12
172.53,510.26,2.1
179.52,510.26,2.08
186.51,510.26,2.05
193.5,510.26,2.02
200.49,510.26,1.98
207.48,510.26,1.94
214.47,510.26,1.9
221.46,510.26,1.86
228.45,510.26,1.82
235.44,510.26,1.78
242.43,510.26,1.73
249.42,510.26,1.69
256.41,510.26,1.65
263.4,510.26,1.6
270.39,510.26,1.56
277.38,510.26,1.52
284.37,510.26,1.47
291.36,510.26,1.43
298.35,510.26,1.39
305.34,510.26,1.38
312.33,510.26,1.38
319.32,510.26,1.38
326.31,510.26,1.38
333.29,510.26,1.38
340.29,510.26,1.38
347.28,510.26,1.38
354.27,510.26,1.38
361.26,510.26,1.38
368.25,510.26,1.38
375.24,510.26,1.38
382.23,510.26,1.38
389.22,510.26,1.38
396.21,510.26,1.38
403.2,510.26,1.38
410.19,510.26,1.38
417.17,510.26,1.38
424.17,510.26,1.38
431.16,510.26,1.38
438.15,510.26,1.38
445.14,510.26,1.38
452.13,510.26,1.38
459.12,510.26,1.38
466.11,510.26,1.38
473.1,510.26,1.38
480.09,510.26,1.38
487.08,510.26,1.38
494.07,510.26,1.38
501.05,510.26,1.38
508.04,510.26,1.38
515.04,510.26,1.38
522.03,510.26,1.38
529.02,510.26,1.38
536.01,510.26,1.38
543.0,510.26,1.38
549.99,510.26,1.38
556.98,510.26,1.38
563.97,510.26,1.38
570.96,510.26,1.38
577.95,510.26,1.38
584.94,510.26,1.38
591.93,510.26,1.38
598.92,510.26,1.38
605.91,510.26,1.38
612.9,510.26,1.38
619.89,510.26,1.38
626.88,510.26,1.38
633.87,510.26,1.38
640.86,510.26,1.38
647.85,510.26,1.38
654.84,510.26,1.38
661.83,510.26,1.38
668.82,510.26,1.38
675.81,510.26,1.38
682.8,510.26,1.38
689.79,510.26,1.38
696.78,510.26,1.38
703.77,510.26,1.38
710.76,510.26,1.38
717.75,510.26,1.38
724.74,510.26,1.38
731.73,510.26,1.38
738.72,510.26,1.38
745.71,510.26,1.38
752.7,510.26,1.38
759.69,510.26,1.38
766.68,510.26,1.38
773.67,510.26,1.38
780.66,510.26,1.38
787.65,510.26,1.38
794.64,510.26,1.38
801.63,510.26,1.38
808.62,510.26,1.38
815.61,510.26,1.38
822.6,510.26,1.38
829.59,510.26,1.38
836.58,510.26,1.38
843.57,510.26,1.38
850.56,510.26,1.38
857.55,510.26,1.38
864.54,510.26,1.38
871.53,510.26,1.38
878.52,510.26,1.38
885.51,510.26,1.38
892.5,510.26,1.53
899.49,510.26,2.87
123.6,505.73,4.45
130.58,505.73,2.23
137.58,505.73,2.02
144.57,505.73,2.04
151.56,505.73,2.04
158.55,505.73,2.04
165.54,505.73,2.04
172.53,505.73,2.03
179.52,505.73,2.01
186.51,505.73,1.99
193.5,505.73,1.96
200.49,505.73,1.93
207.48,505.73,1.9
214.47,505.73,1.87
221.46,505.73,1.83
228.45,505.73,1.79
235.44,505.73,1.75
242.43,505.73,1.71
249.42,505.73,1.67
256.41,505.73,1.63
263.4,505.73,1.59
270.39,505.73,1.55
277.38,505.73,1.51
284.37,505.73,1.47
291.36,505.73,1.43
298.35,505.73,1.39
305.34,505.73,1.38
312.33,505.73,1.38
319.32,505.73,1.38
326.31,505.73,1.38
333.29,505.73,1.38
340.29,505.73,1.38
347.28,505.73,1.38
354.27,505.73,1.38
361.26,505.73,1.38
368.25,505.73,1.38
375.24,505.73,1.38
382.23,505.73,1.38
389.22,505.73,1.38
396.21,505.73,1.38
403.2,505.73,1.38
410.19,505.73,1.38
417.17,505.73,1.38
424.17,505.73,1.38
431.16,505.73,1.38
438.15,505.73,1.38
445.14,505.73,1.38
452.13,505.73,1.38
459.12,505.73,1.38
466.11,505.73,1.38
473.1,505.73,1.38
480.09,505.73,1.38
487.08,505.73,1.38
494.07,505.73,1.38
501.05,505.73,1.38
508.04,505.73,1.38
515.04,505.73,1.38
522.03,505.73,1.38
529.02,505.73,1.38
536.01,505.73,1.38
543.0,505.73,1.38
549.99,505.73,1.38
556.98,505.73,1.38
563.97,505.73,1.38
570.96,505.73,1.38
577.95,505.73,1.38
584.94,505.73,1.38
591.93,505.73,1.38
598.92,505.73,1.38
605.91,505.73,1.38
612.9,505.73,1.38
619.89,505.73,1.38
626.88,505.73,1.38
633.87,505.73,1.38
640.86,505.73,1.38
647.85,505.73,1.38
654.84,505.73,1.38
661.83,505.73,1.38
668.82,505.73,1.38
675.81,505.73,1.38
682.8,505.73,1.38
689.79,505.73,1.38
696.78,505.73,1.38
703.77,505.73,1.38
710.76,505.73,1.38
717.75,505.73,1.38
724.74,505.73,1.38
731.73,505.73,1.38
738.72,505.73,1.38
745.71,505.73,1.38
752.7,505.73,1.38
759.69,505.73,1.38
766.68,505.73,1.38
773.67,505.73,1.38
780.66,505.73,1.38
787.65,505.73,1.38
794.64,505.73,1.38
801.63,505.73,1.38
808.62,505.73,1.38
815.61,505.73,1.38
822.6,505.73,1.38
829.59,505.73,1.38
836.58,505.73,1.38
843.57,505.73,1.38
850.56,505.73,1.38
857.55,505.73,1.38
864.54,505.73,1.38
871.53,505.73,1.38
878.52,505.73,1.38
885.51,505.73,1.38
892.5,505.73,1.53
899.49,505.73,2.87
123.6,501.2,4.22
130.58,501.2,2.1
137.58,501.2,1.9
144.57,501.2,1.93
151.56,501.2,1.94
158.55,501.2,1.95
165.54,501.2,1.95
172.53,501.2,1.95
179.52,501.2,1.94
186.51,501.2,1.92
193.5,501.2,1.9
200.49,501.2,1.88
207.48,501.2,1.85
214.47,501.2,1.82
221.46,501.2,1.79
228.45,501.2,1.76
235.44,501.2,1.72
242.43,501.2,1.69
249.42,501.2,1.65
256.41,501.2,1.61
263.4,501.2,1.58
270.39,501.2,1.54
277.38,501.2,1.5
284.37,501.2,1.46
291.36,501.2,1.43
298.35,501.2,1.39
305.34,501.2,1.38
312.33,501.2,1.38
319.32,501.2,1.38
326.31,501.2,1.38
333.29,501.2,1.38
340.29,501.2,1.38
347.28,501.2,1.38
354.27,501.2,1.38
361.26,501.2,1.38
368.25,501.2,1.38
375.24,501.2,1.38
382.23,501.2,1.38
389.22,501.2,1.38
396.21,501.2,1.38
403.2,501.2,1.38
410.19,501.2,1.38
417.17,501.2,1.38
424.17,501.2,1.38
431.16,501.2,1.38
438.15,501.2,1.38
445.14,501.2,1.38
452.13,501.2,1.38
459.12,501.2,1.38
466.11,501.2,1.38
473.1,501.2,1.38
480.09,501.2,1.38
487.08,501.2,1.38
494.07,501.2,1.38
501.05,501.2,1.38
508.04,501.2,1.38
515.04,501.2,1.38
522.03,501.2,1.38
529.02,501.2,1.38
536.01,501.2,1.38
543.0,501.2,1.38
549.99,501.2,1.38
556.98,501.2,1.38
563.97,501.2,1.38
570.96,501.2,1.38
577.95,501.2,1.38
584.94,501.2,1.38
591.93,501.2,1.38
598.92,501.2,1.38
605.91,501.2,1.38
612.9,501.2,1.38
619.89,501.2,1.38
626.88,501.2,1.38
633.87,501.2,1.38
640.86,501.2,1.38
647.85,501.2,1.38
654.84,501.2,1.38
661.83,501.2,1.38
668.82,501.2,1.38
675.81,501.2,1.38
682.8,501.2,1.38
689.79,501.2,1.38
696.78,501.2,1.38
703.77,501.2,1.38
710.76,501.2,1.38
717.75,501.2,1.38
724.74,501.2,1.38
731.73,501.2,1.38
738.72,501.2,1.38
745.71,501.2,1.38
752.7,501.2,1.38
759.69,501.2,1.38
766.68,501.2,1.38
773.67,501.2,1.38
780.66,501.2,1.38
787.65,501.2,1.38
794.64,501.2,1.38
801.63,501.2,1.38
808.62,501.2,1.38
815.61,501.2,1.38
822.6,501.2,1.38
829.59,501.2,1.38
836.58,501.2,1.38
843.57,501.2,1.38
850.56,501.2,1.38
857.55,501.2,1.38
864.54,501.2,1.38
871.53,501.2,1.38
878.52,501.2,1.38
885.51,501.2,1.38
892.5,501.2,1.53
899.49,501.2,2.87
123.6,496.67,3.99
130.58,496.67,1.97
137.58,496.67,1.79
144.57,496.67,1.82
151.56,496.67,1.84
158.55,496.67,1.85
165.54,496.67,1.86
172.53,496.67,1.86
179.52,496.67,1.86
186.51,496.67,1.85
193.5,496.67,1.84
200.49,496.67,1.82
207.48,496.67,1.8
214.47,496.67,1.77
221.46,496.67,1.75
228.45,496.67,1.72
235.44,496.67,1.69
242.43,496.67,1.66
249.42,496.67,1.63
256.41,496.67,1.59
263.4,496.67,1.56
270.39,496.67,1.52
277.38,496.67,1.49
284.37,496.67,1.45
291.36,496.67,1.42
298.35,496.67,1.38
305.34,496.67,1.38
312.33,496.67,1.38
319.32,496.67,1.38
326.31,496.67,1.38
333.29,496.67,1.38
340.29,496.67,1.38
347.28,496.67,1.38
354.27,496.67,1.38
361.26,496.67,1.38
368.25,496.67,1.38
375.24,496.67,1.38
382.23,496.67,1.38
389.22,496.67,1.38
396.21,496.67,1.38
403.2,496.67,1.38
410.19,496.67,1.38
417.17,496.67,1.38
424.17,496.67,1.38
431.16,496.67,1.38
438.15,496.67,1.38
445.14,496.67,1.38
452.13,496.67,1.38
459.12,496.67,1.38
466.11,496.67,1.38
473.1,496.67,1.38
480.09,496.67,1.38
487.08,496.67,1.38
494.07,496.67,1.38
501.05,496.67,1.38
508.04,496.67,1.38
515.04,496.67,1.38
522.03,496.67,1.38
529.02,496.67,1.38
536.01,496.67,1.38
543.0,496.67,1.38
549.99,496.67,1.38
556.98,496.67,1.38
563.97,496.67,1.38
570.96,496.67,1.38
577.95,496.67,1.38
584.94,496.67,1.38
591.93,496.67,1.38
598.92,496.67,1.38
605.91,496.67,1.38
612.9,496.67,1.38
619.89,496.67,1.38
626.88,496.67,1.38
633.87,496.67,1.38
640.86,496.67,1.38
647.85,496.67,1.38
654.84,496.67,1.38
661.83,496.67,1.38
668.82,496.67,1.38
675.81,496.67,1.38
682.8,496.67,1.38
689.79,496.67,1.38
696.78,496.67,1.38
703.77,496.67,1.38
710.76,496.67,1.38
717.75,496.67,1.38
724.74,496.67,1.38
731.73,496.67,1.38
738.72,496.67,1.38
745.71,496.67,1.38
752.7,496.67,1.38
759.69,496.67,1.38
766.68,496.67,1.38
773.67,496.67,1.38
780.66,496.67,1.38
787.65,496.67,1.38
794.64,496.67,1.38
801.63,496.67,1.38
808.62,496.67,1.38
815.61,496.67,1.38
822.6,496.67,1.38
829.59,496.67,1.38
836.58,496.67,1.38
843.57,496.67,1.38
850.56,496.67,1.38
857.55,496.67,1.38
864.54,496.67,1.38
871.53,496.67,1.38
878.52,496.67,1.38
885.51,496.67,1.38
892.5,496.67,1.53
899.49,496.67,2.87
123.6,492.14,3.76
130.58,492.14,1.84
137.58,492.14,1.68
144.57,492.14,1.71
151.56,492.14,1.74
158.55,492.14,1.76
165.54,492.14,1.77
172.53,492.14,1.78
179.52,492.14,1.78
186.51,492.14,1.78
193.5,492.14,1.77
200.49,492.14,1.76
207.48,492.14,1.74
214.47,492.14,1.72
221.46,492.14,1.7
228.45,492.14,1.68
235.44,492.14,1.65
242.43,492.14,1.62
249.42,492.14,1.6
256.41,492.14,1.57
263.4,492.14,1.53
270.39,492.14,1.5
277.38,492.14,1.47
284.37,492.14,1.44
291.36,492.14,1.41
298.35,492.14,1.38
305.34,492.14,1.38
312.33,492.14,1.38
319.32,492.14,1.38
326.31,492.14,1.38
333.29,492.14,1.38
340.29,492.14,1.38
347.28,492.14,1.38
354.27,492.14,1.38
361.26,492.14,1.38
368.25,492.14,1.38
375.24,492.14,1.38
382.23,492.14,1.38
389.22,492.14,1.38
396.21,492.14,1.38
403.2,492.14,1.38
410.19,492.14,1.38
417.17,492.14,1.38
424.17,492.14,1.38
431.16,492.14,1.38
438.15,492.14,1.38
445.14,492.14,1.38
452.13,492.14,1.38
459.12,492.14,1.38
466.11,492.14,1.38
473.1,492.14,1.38
480.09,492.14,1.38
487.08,492.14,1.38
494.07,492.14,1.38
501.05,492.14,1.38
508.04,492.14,1.38
515.04,492.14,1.38
522.03,492.14,1.38
529.02,492.14,1.38
536.01,492.14,1.38
543.0,492.14,1.38
549.99,492.14,1.38
556.98,492.14,1.38
563.97,492.14,1.38
570.96,492.14,1.38
577.95,492.14,1.38
584.94,492.14,1.38
591.93,492.14,1.38
598.92,492.14,1.38
605.91,492.14,1.38
612.9,492.14,1.38
619.89,492.14,1.38
626.88,492.14,1.38
633.87,492.14,1.38
640.86,492.14,1.38
647.85,492.14,1.38
654.84,492.14,1.38
661.83,492.14,1.38
668.82,492.14,1.38
675.81,492.14,1.38
682.8,492.14,1.38
689.79,492.14,1.38
696.78,492.14,1.38
703.77,492.14,1.38
710.76,492.14,1.38
717.75,492.14,1.38
724.74,492.14,1.38
731.73,492.14,1.38
738.72,492.14,1.38
745.71,492.14,1.38
752.7,492.14,1.38
759.69,492.14,1.38
766.68,492.14,1.38
773.67,492.14,1.38
780.66,492.14,1.38
787.65,492.14,1.38
794.64,492.14,1.38
801.63,492.14,1.38
808.62,492.14,1.38
815.61,492.14,1.38
822.6,492.14,1.38
829.59,492.14,1.38
836.58,492.14,1.38
843.57,492.14,1.38
850.56,492.14,1.38
857.55,492.14,1.38
864.54,492.14,1.38
871.53,492.14,1.38
878.52,492.14,1.38
885.51,492.14,1.38
892.5,492.14,1.53
899.49,492.14,2.87
123.6,487.61,3.54
130.58,487.61,1.71
137.58,487.61,1.57
144.57,487.61,1.61
151.56,487.61,1.64
158.55,487.61,1.66
165.54,487.61,1.68
172.53,487.61,1.69
179.52,487.61,1.7
186.51,487.61,1.7
193.5,487.61,1.7
200.49,487.61,1.69
207.48,487.61,1.68
214.47,487.61,1.67
221.46,487.61,1.65
228.45,487.61,1.63
235.44,487.61,1.61
242.43,487.61,1.59
249.42,487.61,1.56
256.41,487.61,1.54
263.4,487.61,1.51
270.39,487.61,1.48
277.38,487.61,1.45
284.37,487.61,1.42
291.36,487.61,1.39
298.35,487.61,1.38
305.34,487.61,1.38
312.33,487.61,1.38
319.32,487.61,1.38
326.31,487.61,1.38
333.29,487.61,1.38
340.29,487.61,1.38
347.28,487.61,1.38
354.27,487.61,1.38
361.26,487.61,1.38
368.25,487.61,1.38
375.24,487.61,1.38
382.23,487.61,1.38
389.22,487.61,1.38
396.21,487.61,1.38
403.2,487.61,1.38
410.19,487.61,1.38
417.17,487.61,1.38
424.17,487.61,1.38
431.16,487.61,1.38
438.15,487.61,1.38
445.14,487.61,1.38
452.13,487.61,1.38
459.12,487.61,1.38
466.11,487.61,1.38
473.1,487.61,1.38
480.09,487.61,1.38
487.08,487.61,1.38
494.07,487.61,1.38
501.05,487.61,1.38
508.04,487.61,1.38
515.04,487.61,1.38
522.03,487.61,1.38
529.02,487.61,1.38
536.01,487.61,1.38
543.0,487.61,1.38
549.99,487.61,1.38
556.98,487.61,1.38
563.97,487.61,1.38
570.96,487.61,1.38
577.95,487.61,1.38
584.94,487.61,1.38
591.93,487.61,1.38
598.92,487.61,1.38
605.91,487.61,1.38
612.9,487.61,1.38
619.89,487.61,1.38
626.88,487.61,1.38
633.87,487.61,1.38
640.86,487.61,1.38
647.85,487.61,1.38
654.84,487.61,1.38
661.83,487.61,1.38
668.82,487.61,1.38
675.81,487.61,1.38
682.8,487.61,1.38
689.79,487.61,1.38
696.78,487.61,1.38
703.77,487.61,1.38
710.76,487.61,1.38
717.75,487.61,1.38
724.74,487.61,1.38
731.73,487.61,1.38
738.72,487.61,1.38
745.71,487.61,1.38
752.7,487.61,1.38
759.69,487.61,1.38
766.68,487.61,1.38
773.67,487.61,1.38
780.66,487.61,1.38
787.65,487.61,1.38
794.64,487.61,1.38
801.63,487.61,1.38
808.62,487.61,1.38
815.61,487.61,1.38
822.6,487.61,1.38
829.59,487.61,1.38
836.58,487.61,1.38
843.57,487.61,1.38
850.56,487.61,1.38
857.55,487.61,1.38
864.54,487.61,1.38
871.53,487.61,1.38
878.52,487.61,1.38
885.51,487.61,1.38
892.5,487.61,1.53
899.49,487.61,2.87
123.6,483.08,4.07
130.58,483.08,2.56
137.58,483.08,2.33
144.57,483.08,2.33
151.56,483.08,2.33
158.55,483.08,2.33
165.54,483.08,2.33
172.53,483.08,2.33
179.52,483.08,2.33
186.51,483.08,2.33
193.5,483.08,2.33
200.49,483.08,2.33
207.48,483.08,2.33
214.47,483.08,2.33
221.46,483.08,2.33
228.45,483.08,2.33
235.44,483.08,2.33
242.43,483.08,2.33
249.42,483.08,2.33
256.41,483.08,2.33
263.4,483.08,2.33
270.39,483.08,2.33
277.38,483.08,2.33
284.37,483.08,2.33
291.36,483.08,2.33
298.35,483.08,2.33
305.34,483.08,2.33
312.33,483.08,2.33
319.32,483.08,2.33
326.31,483.08,2.33
333.29,483.08,2.33
340.29,483.08,2.33
347.28,483.08,2.33
354.27,483.08,2.33
361.26,483.08,2.33
368.25,483.08,2.33
375.24,483.08,2.33
382.23,483.08,2.33
389.22,483.08,2.33
396.21,483.08,2.33
403.2,483.08,2.33
410.19,483.08,2.33
417.17,483.08,2.33
424.17,483.08,2.33
431.16,483.08,2.33
438.15,483.08,2.33
445.14,483.08,2.33
452.13,483.08,2.33
459.12,483.08,2.33
466.11,483.08,2.33
473.1,483.08,2.33
480.09,483.08,2.33
487.08,483.08,2.33
494.07,483.08,2.33
501.05,483.08,2.33
508.04,483.08,2.33
515.04,483.08,2.33
522.03,483.08,2.33
529.02,483.08,2.33
536.01,483.08,2.33
543.0,483.08,2.33
549.99,483.08,2.33
556.98,483.08,2.33
563.97,483.08,2.33
570.96,483.08,2.33
577.95,483.08,2.33
584.94,483.08,2.33
591.93,483.08,2.33
598.92,483.08,2.33
605.91,483.08,2.33
612.9,483.08,2.33
619.89,483.08,2.33
626.88,483.08,2.33
633.87,483.08,2.33
640.86,483.08,2.33
647.85,483.08,2.33
654.84,483.08,2.33
661.83,483.08,2.33
668.82,483.08,2.33
675.81,483.08,2.33
682.8,483.08,2.33
689.79,483.08,2.33
696.78,483.08,2.33
703.77,483.08,2.33
710.76,483.08,2.33
717.75,483.08,2.33
724.74,483.08,2.33
731.73,483.08,2.33
738.72,483.08,2.33
745.71,483.08,2.33
752.7,483.08,2.33
759.69,483.08,2.33
766.68,483.08,2.33
773.67,483.08,2.33
780.66,483.08,2.33
787.65,483.08,2.33
794.64,483.08,2.33
801.63,483.08,2.33
808.62,483.08,2.33
815.61,483.08,2.33
822.6,483.08,2.33
829.59,483.08,2.33
836.58,483.08,2.33
843.57,483.08,2.33
850.56,483.08,2.33
857.55,483.08,2.33
864.54,483.08,2.33
871.53,483.08,2.33
878.52,483.08,2.33
885.51,483.08,2.33
892.5,483.08,2.56
899.49,483.08,3.41
123.6,185.5,3.41
130.58,185.5,2.2
137.58,185.5,1.99
144.57,185.5,1.99
151.56,185.5,1.99
158.55,185.5,1.99
165.54,185.5,1.99
172.53,185.5,1.99
179.52,185.5,1.99
186.51,185.5,1.99
193.5,185.5,1.99
200.49,185.5,1.99
207.48,185.5,1.99
214.47,185.5,1.99
221.46,185.5,1.99
228.45,185.5,1.99
235.44,185.5,1.99
242.43,185.5,1.99
249.42,185.5,1.99
256.41,185.5,1.99
263.4,185.5,1.99
270.39,185.5,1.99
277.38,185.5,1.99
284.37,185.5,1.99
291.36,185.5,1.99
298.35,185.5,1.99
305.34,185.5,1.99
312.33,185.5,1.99
319.32,185.5,1.99
326.31,185.5,1.99
333.29,185.5,1.99
340.29,185.5,1.99
347.28,185.5,1.99
354.27,185.5,1.99
361.26,185.5,1.99
368.25,185.5,1.99
375.24,185.5,1.99
382.23,185.5,1.99
389.22,185.5,1.99
396.21,185.5,1.99
403.2,185.5,1.99
410.19,185.5,1.99
417.17,185.5,1.99
424.17,185.5,1.99
431.16,185.5,1.99
438.15,185.5,1.99
445.14,185.5,1.99
452.13,185.5,1.99
459.12,185.5,1.99
466.11,185.5,1.99
473.1,185.5,1.99
480.09,185.5,1.99
487.08,185.5,1.99
494.07,185.5,1.99
501.05,185.5,1.99
508.04,185.5,1.99
515.04,185.5,1.99
522.03,185.5,1.99
529.02,185.5,1.99
536.01,185.5,1.99
543.0,185.5,1.99
549.99,185.5,1.99
556.98,185.5,1.99
563.97,185.5,1.99
570.96,185.5,1.99
577.95,185.5,1.99
584.94,185.5,1.99
591.93,185.5,1.99
598.92,185.5,1.99
605.91,185.5,1.99
612.9,185.5,1.99
619.89,185.5,1.99
626.88,185.5,1.99
633.87,185.5,1.99
640.86,185.5,1.99
647.85,185.5,1.99
654.84,185.5,1.99
661.83,185.5,1.99
668.82,185.5,1.99
675.81,185.5,1.99
682.8,185.5,1.99
689.79,185.5,1.99
696.78,185.5,1.99
703.77,185.5,1.99
710.76,185.5,1.99
717.75,185.5,1.99
724.74,185.5,1.99
731.73,185.5,1.99
738.72,185.5,1.99
745.71,185.5,1.99
752.7,185.5,1.99
759.69,185.5,1.99
766.68,185.5,1.99
773.67,185.5,1.99
780.66,185.5,1.99
787.65,185.5,1.99
794.64,185.5,1.99
801.63,185.5,1.99
808.62,185.5,1.99
815.61,185.5,1.99
822.6,185.5,1.99
829.59,185.5,1.99
836.58,185.5,1.99
843.57,185.5,1.99
850.56,185.5,1.99
857.55,185.5,1.99
864.54,185.5,1.99
871.53,185.5,1.99
878.52,185.5,1.99
885.51,185.5,1.99
892.5,185.5,2.2
899.49,185.5,3.41
123.6,180.97,2.87
130.58,180.97,1.53
137.58,180.97,1.38
144.57,180.97,1.38
151.56,180.97,1.38
158.55,180.97,1.38
165.54,180.97,1.38
172.53,180.97,1.38
179.52,180.97,1.38
186.51,180.97,1.38
193.5,180.97,1.38
200.49,180.97,1.38
207.48,180.97,1.38
214.47,180.97,1.38
221.46,180.97,1.38
228.45,180.97,1.38
235.44,180.97,1.38
242.43,180.97,1.38
249.42,180.97,1.38
256.41,180.97,1.38
263.4,180.97,1.38
270.39,180.97,1.38
277.38,180.97,1.38
284.37,180.97,1.38
291.36,180.97,1.38
298.35,180.97,1.38
305.34,180.97,1.38
312.33,180.97,1.38
319.32,180.97,1.38
326.31,180.97,1.38
333.29,180.97,1.38
340.29,180.97,1.38
347.28,180.97,1.38
354.27,180.97,1.38
361.26,180.97,1.38
368.25,180.97,1.38
375.24,180.97,1.38
382.23,180.97,1.38
389.22,180.97,1.38
396.21,180.97,1.38
403.2,180.97,1.38
410.19,180.97,1.38
417.17,180.97,1.38
424.17,180.97,1.38
431.16,180.97,1.38
438.15,180.97,1.38
445.14,180.97,1.38
452.13,180.97,1.38
459.12,180.97,1.38
466.11,180.97,1.38
473.1,180.97,1.38
480.09,180.97,1.38
487.08,180.97,1.38
494.07,180.97,1.38
501.05,180.97,1.38
508.04,180.97,1.38
515.04,180.97,1.38
522.03,180.97,1.38
529.02,180.97,1.38
536.01,180.97,1.38
543.0,180.97,1.38
549.99,180.97,1.38
556.98,180.97,1.38
563.97,180.97,1.38
570.96,180.97,1.38
577.95,180.97,1.38
584.94,180.97,1.38
591.93,180.97,1.38
598.92,180.97,1.38
605.91,180.97,1.38
612.9,180.97,1.38
619.89,180.97,1.38
626.88,180.97,1.38
633.87,180.97,1.38
640.86,180.97,1.38
647.85,180.97,1.38
654.84,180.97,1.38
661.83,180.97,1.38
668.82,180.97,1.38
675.81,180.97,1.38
682.8,180.97,1.38
689.79,180.97,1.38
696.78,180.97,1.38
703.77,180.97,1.38
710.76,180.97,1.38
717.75,180.97,1.38
724.74,180.97,1.38
731.73,180.97,1.38
738.72,180.97,1.38
745.71,180.97,1.38
752.7,180.97,1.38
759.69,180.97,1.38
766.68,180.97,1.38
773.67,180.97,1.38
780.66,180.97,1.38
787.65,180.97,1.38
794.64,180.97,1.38
801.63,180.97,1.38
808.62,180.97,1.38
815.61,180.97,1.38
822.6,180.97,1.38
829.59,180.97,1.38
836.58,180.97,1.38
843.57,180.97,1.38
850.56,180.97,1.38
857.55,180.97,1.38
864.54,180.97,1.38
871.53,180.97,1.38
878.52,180.97,1.38
885.51,180.97,1.38
892.5,180.97,1.53
899.49,180.97,2.87
123.6,176.44,2.87
130.58,176.44,1.53
137.58,176.44,1.38
144.57,176.44,1.38
151.56,176.44,1.38
158.55,176.44,1.38
165.54,176.44,1.38
172.53,176.44,1.38
179.52,176.44,1.38
186.51,176.44,1.38
193.5,176.44,1.38
200.49,176.44,1.38
207.48,176.44,1.38
214.47,176.44,1.38
221.46,176.44,1.38
228.45,176.44,1.38
235.44,176.44,1.38
242.43,176.44,1.38
249.42,176.44,1.38
256.41,176.44,1.38
263.4,176.44,1.38
270.39,176.44,1.38
277.38,176.44,1.38
284.37,176.44,1.38
291.36,176.44,1.38
298.35,176.44,1.38
305.34,176.44,1.38
312.33,176.44,1.38
319.32,176.44,1.38
326.31,176.44,1.38
333.29,176.44,1.38
340.29,176.44,1.38
347.28,176.44,1.38
354.27,176.44,1.38
361.26,176.44,1.38
368.25,176.44,1.38
375.24,176.44,1.38
382.23,176.44,1.38
389.22,176.44,1.38
396.21,176.44,1.38
403.2,176.44,1.38
410.19,176.44,1.38
417.17,176.44,1.38
424.17,176.44,1.38
431.16,176.44,1.38
438.15,176.44,1.38
445.14,176.44,1.38
452.13,176.44,1.38
459.12,176.44,1.38
466.11,176.44,1.38
473.1,176.44,1.38
480.09,176.44,1.38
487.08,176.44,1.38
494.07,176.44,1.38
501.05,176.44,1.38
508.04,176.44,1.38
515.04,176.44,1.38
522.03,176.44,1.38
529.02,176.44,1.38
536.01,176.44,1.38
543.0,176.44,1.38
549.99,176.44,1.38
556.98,176.44,1.38
563.97,176.44,1.38
570.96,176.44,1.38
577.95,176.44,1.38
584.94,176.44,1.38
591.93,176.44,1.38
598.92,176.44,1.38
605.91,176.44,1.38
612.9,176.44,1.38
619.89,176.44,1.38
626.88,176.44,1.38
633.87,176.44,1.38
640.86,176.44,1.38
647.85,176.44,1.38
654.84,176.44,1.38
661.83,176.44,1.38
668.82,176.44,1.38
675.81,176.44,1.38
682.8,176.44,1.38
689.79,176.44,1.38
696.78,176.44,1.38
703.77,176.44,1.38
710.76,176.44,1.38
717.75,176.44,1.38
724.74,176.44,1.38
731.73,176.44,1.38
738.72,176.44,1.38
745.71,176.44,1.38
752.7,176.44,1.38
759.69,176.44,1.38
766.68,176.44,1.38
773.67,176.44,1.38
780.66,176.44,1.38
787.65,176.44,1.38
794.64,176.44,1.38
801.63,176.44,1.38
808.62,176.44,1.38
815.61,176.44,1.38
822.6,176.44,1.38
829.59,176.44,1.38
836.58,176.44,1.38
843.57,176.44,1.38
850.56,176.44,1.38
857.55,176.44,1.38
864.54,176.44,1.38
871.53,176.44,1.38
878.52,176.44,1.38
885.51,176.44,1.38
892.5,176.44,1.53
899.49,176.44,2.87
123.6,171.91,2.87
130.58,171.91,1.53
137.58,171.91,1.38
144.57,171.91,1.38
151.56,171.91,1.38
158.55,171.91,1.38
165.54,171.91,1.38
172.53,171.91,1.38
179.52,171.91,1.38
186.51,171.91,1.38
193.5,171.91,1.38
200.49,171.91,1.38
207.48,171.91,1.38
214.47,171.91,1.38
221.46,171.91,1.38
228.45,171.91,1.38
235.44,171.91,1.38
242.43,171.91,1.38
249.42,171.91,1.38
256.41,171.91,1.38
263.4,171.91,1.38
270.39,171.91,1.38
277.38,171.91,1.38
284.37,171.91,1.38
291.36,171.91,1.38
298.35,171.91,1.38
305.34,171.91,1.38
312.33,171.91,1.38
319.32,171.91,1.38
326.31,171.91,1.38
333.29,171.91,1.38
340.29,171.91,1.38
347.28,171.91,1.38
354.27,171.91,1.38
361.26,171.91,1.38
368.25,171.91,1.38
375.24,171.91,1.38
382.23,171.91,1.38
389.22,171.91,1.38
396.21,171.91,1.38
403.2,171.91,1.38
410.19,171.91,1.38
417.17,171.91,1.38
424.17,171.91,1.38
431.16,171.91,1.38
438.15,171.91,1.38
445.14,171.91,1.38
452.13,171.91,1.38
459.12,171.91,1.38
466.11,171.91,1.38
473.1,171.91,1.38
480.09,171.91,1.38
487.08,171.91,1.38
494.07,171.91,1.38
501.05,171.91,1.38
508.04,171.91,1.38
515.04,171.91,1.38
522.03,171.91,1.38
529.02,171.91,1.38
536.01,171.91,1.38
543.0,171.91,1.38
549.99,171.91,1.38
556.98,171.91,1.38
563.97,171.91,1.38
570.96,171.91,1.38
577.95,171.91,1.38
584.94,171.91,1.38
591.93,171.91,1.38
598.92,171.91,1.38
605.91,171.91,1.38
612.9,171.91,1.38
619.89,171.91,1.38
626.88,171.91,1.38
633.87,171.91,1.38
640.86,171.91,1.38
647.85,171.91,1.38
654.84,171.91,1.38
661.83,171.91,1.38
668.82,171.91,1.38
675.81,171.91,1.38
682.8,171.91,1.38
689.79,171.91,1.38
696.78,171.91,1.38
703.77,171.91,1.38
710.76,171.91,1.38
717.75,171.91,1.38
724.74,171.91,1.38
731.73,171.91,1.38
738.72,171.91,1.38
745.71,171.91,1.38
752.7,171.91,1.38
759.69,171.91,1.38
766.68,171.91,1.38
773.67,171.91,1.38
780.66,171.91,1.38
787.65,171.91,1.38
794.64,171.91,1.38
801.63,171.91,1.38
808.62,171.91,1.38
815.61,171.91,1.38
822.6,171.91,1.38
829.59,171.91,1.38
836.58,171.91,1.38
843.57,171.91,1.38
850.56,171.91,1.38
857.55,171.91,1.38
864.54,171.91,1.38
871.53,171.91,1.38
878.52,171.91,1.38
885.51,171.91,1.38
892.5,171.91,1.53
899.49,171.91,2.87
123.6,167.38,2.87
130.58,167.38,1.53
137.58,167.38,1.38
144.57,167.38,1.38
151.56,167.38,1.38
158.55,167.38,1.38
165.54,167.38,1.38
172.53,167.38,1.38
179.52,167.38,1.38
186.51,167.38,1.38
193.5,167.38,1.38
200.49,167.38,1.38
207.48,167.38,1.38
214.47,167.38,1.38
221.46,167.38,1.38
228.45,167.38,1.38
235.44,167.38,1.38
242.43,167.38,1.38
249.42,167.38,1.38
256.41,167.38,1.38
263.4,167.38,1.38
270.39,167.38,1.38
277.38,167.38,1.38
284.37,167.38,1.38
291.36,167.38,1.38
298.35,167.38,1.38
305.34,167.38,1.38
312.33,167.38,1.38
319.32,167.38,1.38
326.31,167.38,1.38
333.29,167.38,1.38
340.29,167.38,1.38
347.28,167.38,1.38
354.27,167.38,1.38
361.26,167.38,1.38
368.25,167.38,1.38
375.24,167.38,1.38
382.23,167.38,1.38
389.22,167.38,1.38
396.21,167.38,1.38
403.2,167.38,1.38
410.19,167.38,1.38
417.17,167.38,1.38
424.17,167.38,1.38
431.16,167.38,1.38
438.15,167.38,1.38
445.14,167.38,1.38
452.13,167.38,1.38
459.12,167.38,1.38
466.11,167.38,1.38
473.1,167.38,1.38
480.09,167.38,1.38
487.08,167.38,1.38
494.07,167.38,1.38
501.05,167.38,1.38
508.04,167.38,1.38
515.04,167.38,1.38
522.03,167.38,1.38
529.02,167.38,1.38
536.01,167.38,1.38
543.0,167.38,1.38
549.99,167.38,1.38
556.98,167.38,1.38
563.97,167.38,1.38
570.96,167.38,1.38
577.95,167.38,1.38
584.94,167.38,1.38
591.93,167.38,1.38
598.92,167.38,1.38
605.91,167.38,1.38
612.9,167.38,1.38
619.89,167.38,1.38
626.88,167.38,1.38
633.87,167.38,1.38
640.86,167.38,1.38
647.85,167.38,1.38
654.84,167.38,1.38
661.83,167.38,1.38
668.82,167.38,1.38
675.81,167.38,1.38
682.8,167.38,1.38
689.79,167.38,1.38
696.78,167.38,1.38
703.77,167.38,1.38
710.76,167.38,1.38
717.75,167.38,1.38
724.74,167.38,1.38
731.73,167.38,1.38
738.72,167.38,1.38
745.71,167.38,1.38
752.7,167.38,1.38
759.69,167.38,1.38
766.68,167.38,1.38
773.67,167.38,1.38
780.66,167.38,1.38
787.65,167.38,1.38
794.64,167.38,1.38
801.63,167.38,1.38
808.62,167.38,1.38
815.61,167.38,1.38
822.6,167.38,1.38
829.59,167.38,1.38
836.58,167.38,1.38
843.57,167.38,1.38
850.56,167.38,1.38
857.55,167.38,1.38
864.54,167.38,1.38
871.53,167.38,1.38
878.52,167.38,1.38
885.51,167.38,1.38
892.5,167.38,1.53
899.49,167.38,2.87
123.6,162.85,2.87
130.58,162.85,1.53
137.58,162.85,1.38
144.57,162.85,1.38
151.56,162.85,1.38
158.55,162.85,1.38
165.54,162.85,1.38
172.53,162.85,1.38
179.52,162.85,1.38
186.51,162.85,1.38
193.5,162.85,1.38
200.49,162.85,1.38
207.48,162.85,1.38
214.47,162.85,1.38
221.46,162.85,1.38
228.45,162.85,1.38
235.44,162.85,1.38
242.43,162.85,1.38
249.42,162.85,1.38
256.41,162.85,1.38
263.4,162.85,1.38
270.39,162.85,1.38
277.38,162.85,1.38
284.37,162.85,1.38
291.36,162.85,1.38
298.35,162.85,1.38
305.34,162.85,1.38
312.33,162.85,1.38
319.32,162.85,1.38
326.31,162.85,1.38
333.29,162.85,1.38
340.29,162.85,1.38
347.28,162.85,1.38
354.27,162.85,1.38
361.26,162.85,1.38
368.25,162.85,1.38
375.24,162.85,1.38
382.23,162.85,1.38
389.22,162.85,1.38
396.21,162.85,1.38
403.2,162.85,1.38
410.19,162.85,1.38
417.17,162.85,1.38
424.17,162.85,1.38
431.16,162.85,1.38
438.15,162.85,1.38
445.14,162.85,1.38
452.13,162.85,1.38
459.12,162.85,1.38
466.11,162.85,1.38
473.1,162.85,1.38
480.09,162.85,1.38
487.08,162.85,1.38
494.07,162.85,1.38
501.05,162.85,1.38
508.04,162.85,1.38
515.04,162.85,1.38
522.03,162.85,1.38
529.02,162.85,1.38
536.01,162.85,1.38
543.0,162.85,1.38
549.99,162.85,1.38
556.98,162.85,1.38
563.97,162.85,1.38
570.96,162.85,1.38
577.95,162.85,1.38
584.94,162.85,1.38
591.93,162.85,1.38
598.92,162.85,1.38
605.91,162.85,1.38
612.9,162.85,1.38
619.89,162.85,1.38
626.88,162.85,1.38
633.87,162.85,1.38
640.86,162.85,1.38
647.85,162.85,1.38
654.84,162.85,1.38
661.83,162.85,1.38
668.82,162.85,1.38
675.81,162.85,1.38
682.8,162.85,1.38
689.79,162.85,1.38
696.78,162.85,1.38
703.77,162.85,1.38
710.76,162.85,1.38
717.75,162.85,1.38
724.74,162.85,1.38
731.73,162.85,1.38
738.72,162.85,1.38
745.71,162.85,1.38
752.7,162.85,1.38
759.69,162.85,1.38
766.68,162.85,1.38
773.67,162.85,1.38
780.66,162.85,1.38
787.65,162.85,1.38
794.64,162.85,1.38
801.63,162.85,1.38
808.62,162.85,1.38
815.61,162.85,1.38
822.6,162.85,1.38
829.59,162.85,1.38
836.58,162.85,1.38
843.57,162.85,1.38
850.56,162.85,1.38
857.55,162.85,1.38
864.54,162.85,1.38
871.53,162.85,1.38
878.52,162.85,1.38
885.51,162.85,1.38
892.5,162.85,1.53
899.49,162.85,2.87
123.6,158.32,2.87
130.58,158.32,1.53
137.58,158.32,1.38
144.57,158.32,1.38
151.56,158.32,1.38
158.55,158.32,1.38
165.54,158.32,1.38
172.53,158.32,1.38
179.52,158.32,1.38
186.51,158.32,1.38
193.5,158.32,1.38
200.49,158.32,1.38
207.48,158.32,1.38
214.47,158.32,1.38
221.46,158.32,1.38
228.45,158.32,1.38
235.44,158.32,1.38
242.43,158.32,1.38
249.42,158.32,1.38
256.41,158.32,1.38
263.4,158.32,1.38
270.39,158.32,1.38
277.38,158.32,1.38
284.37,158.32,1.38
291.36,158.32,1.38
298.35,158.32,1.38
305.34,158.32,1.38
312.33,158.32,1.38
319.32,158.32,1.38
326.31,158.32,1.38
333.29,158.32,1.38
340.29,158.32,1.38
347.28,158.32,1.38
354.27,158.32,1.38
361.26,158.32,1.38
368.25,158.32,1.38
375.24,158.32,1.38
382.23,158.32,1.38
389.22,158.32,1.38
396.21,158.32,1.38
403.2,158.32,1.38
410.19,158.32,1.38
417.17,158.32,1.38
424.17,158.32,1.38
431.16,158.32,1.38
438.15,158.32,1.38
445.14,158.32,1.38
452.13,158.32,1.38
459.12,158.32,1.38
466.11,158.32,1.38
473.1,158.32,1.38
480.09,158.32,1.38
487.08,158.32,1.38
494.07,158.32,1.38
501.05,158.32,1.38
508.04,158.32,1.38
515.04,158.32,1.38
522.03,158.32,1.38
529.02,158.32,1.38
536.01,158.32,1.38
543.0,158.32,1.38
549.99,158.32,1.38
556.98,158.32,1.38
563.97,158.32,1.38
570.96,158.32,1.38
577.95,158.32,1.38
584.94,158.32,1.38
591.93,158.32,1.38
598.92,158.32,1.38
605.91,158.32,1.38
612.9,158.32,1.38
619.89,158.32,1.38
626.88,158.32,1.38
633.87,158.32,1.38
640.86,158.32,1.38
647.85,158.32,1.38
654.84,158.32,1.38
661.83,158.32,1.38
668.82,158.32,1.38
675.81,158.32,1.38
682.8,158.32,1.38
689.79,158.32,1.38
696.78,158.32,1.38
703.77,158.32,1.38
710.76,158.32,1.38
717.75,158.32,1.38
724.74,158.32,1.38
731.73,158.32,1.38
738.72,158.32,1.38
745.71,158.32,1.38
752.7,158.32,1.38
759.69,158.32,1.38
766.68,158.32,1.38
773.67,158.32,1.38
780.66,158.32,1.38
787.65,158.32,1.38
794.64,158.32,1.38
801.63,158.32,1.38
808.62,158.32,1.38
815.61,158.32,1.38
822.6,158.32,1.38
829.59,158.32,1.38
836.58,158.32,1.38
843.57,158.32,1.38
850.56,158.32,1.38
857.55,158.32,1.38
864.54,158.32,1.38
871.53,158.32,1.38
878.52,158.32,1.38
885.51,158.32,1.38
892.5,158.32,1.53
899.49,158.32,2.87
123.6,153.79,2.87
130.58,153.79,1.53
137.58,153.79,1.38
144.57,153.79,1.38
151.56,153.79,1.38
158.55,153.79,1.38
165.54,153.79,1.38
172.53,153.79,1.38
179.52,153.79,1.38
186.51,153.79,1.38
193.5,153.79,1.38
200.49,153.79,1.38
207.48,153.79,1.38
214.47,153.79,1.38
221.46,153.79,1.38
228.45,153.79,1.38
235.44,153.79,1.38
242.43,153.79,1.38
249.42,153.79,1.38
256.41,153.79,1.38
263.4,153.79,1.38
270.39,153.79,1.38
277.38,153.79,1.38
284.37,153.79,1.38
291.36,153.79,1.38
298.35,153.79,1.38
305.34,153.79,1.38
312.33,153.79,1.38
319.32,153.79,1.38
326.31,153.79,1.38
333.29,153.79,1.38
340.29,153.79,1.38
347.28,153.79,1.38
354.27,153.79,1.38
361.26,153.79,1.38
368.25,153.79,1.38
375.24,153.79,1.38
382.23,153.79,1.38
389.22,153.79,1.38
396.21,153.79,1.38
403.2,153.79,1.38
410.19,153.79,1.38
417.17,153.79,1.38
424.17,153.79,1.38
431.16,153.79,1.38
438.15,153.79,1.38
445.14,153.79,1.38
452.13,153.79,1.38
459.12,153.79,1.38
466.11,153.79,1.38
473.1,153.79,1.38
480.09,153.79,1.38
487.08,153.79,1.38
494.07,153.79,1.38
501.05,153.79,1.38
508.04,153.79,1.38
515.04,153.79,1.38
522.03,153.79,1.38
529.02,153.79,1.38
536.01,153.79,1.38
543.0,153.79,1.38
549.99,153.79,1.38
556.98,153.79,1.38
563.97,153.79,1.38
570.96,153.79,1.38
577.95,153.79,1.38
584.94,153.79,1.38
591.93,153.79,1.38
598.92,153.79,1.38
605.91,153.79,1.38
612.9,153.79,1.38
619.89,153.79,1.38
626.88,153.79,1.38
633.87,153.79,1.38
640.86,153.79,1.38
647.85,153.79,1.38
654.84,153.79,1.38
661.83,153.79,1.38
668.82,153.79,1.38
675.81,153.79,1.38
682.8,153.79,1.38
689.79,153.79,1.38
696.78,153.79,1.38
703.77,153.79,1.38
710.76,153.79,1.38
717.75,153.79,1.38
724.74,153.79,1.38
731.73,153.79,1.38
738.72,153.79,1.38
745.71,153.79,1.38
752.7,153.79,1.38
759.69,153.79,1.38
766.68,153.79,1.38
773.67,153.79,1.38
780.66,153.79,1.38
787.65,153.79,1.38
794.64,153.79,1.38
801.63,153.79,1.38
808.62,153.79,1.38
815.61,153.79,1.38
822.6,153.79,1.38
829.59,153.79,1.38
836.58,153.79,1.38
843.57,153.79,1.38
850.56,153.79,1.38
857.55,153.79,1.38
864.54,153.79,1.38
871.53,153.79,1.38
878.52,153.79,1.38
885.51,153.79,1.38
892.5,153.79,1.53
899.49,153.79,2.87
123.6,149.26,2.87
130.58,149.26,1.53
137.58,149.26,1.38
144.57,149.26,1.38
151.56,149.26,1.38
158.55,149.26,1.38
165.54,149.26,1.38
172.53,149.26,1.38
179.52,149.26,1.38
186.51,149.26,1.38
193.5,149.26,1.38
200.49,149.26,1.38
207.48,149.26,1.38
214.47,149.26,1.38
221.46,149.26,1.38
228.45,149.26,1.38
235.44,149.26,1.38
242.43,149.26,1.38
249.42,149.26,1.38
256.41,149.26,1.38
263.4,149.26,1.38
270.39,149.26,1.38
277.38,149.26,1.38
284.37,149.26,1.38
291.36,149.26,1.38
298.35,149.26,1.38
305.34,149.26,1.38
312.33,149.26,1.38
319.32,149.26,1.38
326.31,149.26,1.38
333.29,149.26,1.38
340.29,149.26,1.38
347.28,149.26,1.38
354.27,149.26,1.38
361.26,149.26,1.38
368.25,149.26,1.38
375.24,149.26,1.38
382.23,149.26,1.38
389.22,149.26,1.38
396.21,149.26,1.38
403.2,149.26,1.38
410.19,149.26,1.38
417.17,149.26,1.38
424.17,149.26,1.38
431.16,149.26,1.38
438.15,149.26,1.38
445.14,149.26,1.38
452.13,149.26,1.38
459.12,149.26,1.38
466.11,149.26,1.38
473.1,149.26,1.38
480.09,149.26,1.38
487.08,149.26,1.38
494.07,149.26,1.38
501.05,149.26,1.38
508.04,149.26,1.38
515.04,149.26,1.38
522.03,149.26,1.38
529.02,149.26,1.38
536.01,149.26,1.38
543.0,149.26,1.38
549.99,149.26,1.38
556.98,149.26,1.38
563.97,149.26,1.38
570.96,149.26,1.38
577.95,149.26,1.38
584.94,149.26,1.38
591.93,149.26,1.38
598.92,149.26,1.38
605.91,149.26,1.38
612.9,149.26,1.38
619.89,149.26,1.38
626.88,149.26,1.38
633.87,149.26,1.38
640.86,149.26,1.38
647.85,149.26,1.38
654.84,149.26,1.38
661.83,149.26,1.38
668.82,149.26,1.38
675.81,149.26,1.38
682.8,149.26,1.38
689.79,149.26,1.38
696.78,149.26,1.38
703.77,149.26,1.38
710.76,149.26,1.38
717.75,149.26,1.38
724.74,149.26,1.38
731.73,149.26,1.38
738.72,149.26,1.38
745.71,149.26,1.38
752.7,149.26,1.38
759.69,149.26,1.38
766.68,149.26,1.38
773.67,149.26,1.38
780.66,149.26,1.38
787.65,149.26,1.38
794.64,149.26,1.38
801.63,149.26,1.38
808.62,149.26,1.38
815.61,149.26,1.38
822.6,149.26,1.38
829.59,149.26,1.38
836.58,149.26,1.38
843.57,149.26,1.38
850.56,149.26,1.38
857.55,149.26,1.38
864.54,149.26,1.38
871.53,149.26,1.38
878.52,149.26,1.38
885.51,149.26,1.38
892.5,149.26,1.53
899.49,149.26,2.87
123.6,144.73,2.87
130.58,144.73,1.53
137.58,144.73,1.38
144.57,144.73,1.38
151.56,144.73,1.38
158.55,144.73,1.38
165.54,144.73,1.38
172.53,144.73,1.38
179.52,144.73,1.38
186.51,144.73,1.38
193.5,144.73,1.38
200.49,144.73,1.38
207.48,144.73,1.38
214.47,144.73,1.38
221.46,144.73,1.38
228.45,144.73,1.38
235.44,144.73,1.38
242.43,144.73,1.38
249.42,144.73,1.38
256.41,144.73,1.38
263.4,144.73,1.38
270.39,144.73,1.38
277.38,144.73,1.38
284.37,144.73,1.38
291.36,144.73,1.38
298.35,144.73,1.38
305.34,144.73,1.38
312.33,144.73,1.38
319.32,144.73,1.38
326.31,144.73,1.38
333.29,144.73,1.38
340.29,144.73,1.38
347.28,144.73,1.38
354.27,144.73,1.38
361.26,144.73,1.38
368.25,144.73,1.38
375.24,144.73,1.38
382.23,144.73,1.38
389.22,144.73,1.38
396.21,144.73,1.38
403.2,144.73,1.38
410.19,144.73,1.38
417.17,144.73,1.38
424.17,144.73,1.38
431.16,144.73,1.38
438.15,144.73,1.38
445.14,144.73,1.38
452.13,144.73,1.38
459.12,144.73,1.38
466.11,144.73,1.38
473.1,144.73,1.38
480.09,144.73,1.38
487.08,144.73,1.38
494.07,144.73,1.38
501.05,144.73,1.38
508.04,144.73,1.38
515.04,144.73,1.38
522.03,144.73,1.38
529.02,144.73,1.38
536.01,144.73,1.38
543.0,144.73,1.38
549.99,144.73,1.38
556.98,144.73,1.38
563.97,144.73,1.38
570.96,144.73,1.38
577.95,144.73,1.38
584.94,144.73,1.38
591.93,144.73,1.38
598.92,144.73,1.38
605.91,144.73,1.38
612.9,144.73,1.38
619.89,144.73,1.38
626.88,144.73,1.38
633.87,144.73,1.38
640.86,144.73,1.38
647.85,144.73,1.38
654.84,144.73,1.38
661.83,144.73,1.38
668.82,144.73,1.38
675.81,144.73,1.38
682.8,144.73,1.38
689.79,144.73,1.38
696.78,144.73,1.38
703.77,144.73,1.38
710.76,144.73,1.38
717.75,144.73,1.38
724.74,144.73,1.38
731.73,144.73,1.38
738.72,144.73,1.38
745.71,144.73,1.38
752.7,144.73,1.38
759.69,144.73,1.38
766.68,144.73,1.38
773.67,144.73,1.38
780.66,144.73,1.38
787.65,144.73,1.38
794.64,144.73,1.38
801.63,144.73,1.38
808.62,144.73,1.38
815.61,144.73,1.38
822.6,144.73,1.38
829.59,144.73,1.38
836.58,144.73,1.38
843.57,144.73,1.38
850.56,144.73,1.38
857.55,144.73,1.38
864.54,144.73,1.38
871.53,144.73,1.38
878.52,144.73,1.38
885.51,144.73,1.38
892.5,144.73,1.53
899.49,144.73,2.87
123.6,140.2,2.87
130.58,140.2,1.53
137.58,140.2,1.38
144.57,140.2,1.38
151.56,140.2,1.38
158.55,140.2,1.38
165.54,140.2,1.38
172.53,140.2,1.38
179.52,140.2,1.38
186.51,140.2,1.38
193.5,140.2,1.38
200.49,140.2,1.38
207.48,140.2,1.38
214.47,140.2,1.38
221.46,140.2,1.38
228.45,140.2,1.38
235.44,140.2,1.38
242.43,140.2,1.38
249.42,140.2,1.38
256.41,140.2,1.38
263.4,140.2,1.38
270.39,140.2,1.38
277.38,140.2,1.38
284.37,140.2,1.38
291.36,140.2,1.38
298.35,140.2,1.38
305.34,140.2,1.38
312.33,140.2,1.38
319.32,140.2,1.38
326.31,140.2,1.38
333.29,140.2,1.38
340.29,140.2,1.38
347.28,140.2,1.38
354.27,140.2,1.38
361.26,140.2,1.38
368.25,140.2,1.38
375.24,140.2,1.38
382.23,140.2,1.38
389.22,140.2,1.38
396.21,140.2,1.38
403.2,140.2,1.38
410.19,140.2,1.38
417.17,140.2,1.38
424.17,140.2,1.38
431.16,140.2,1.38
438.15,140.2,1.38
445.14,140.2,1.38
452.13,140.2,1.38
459.12,140.2,1.38
466.11,140.2,1.38
473.1,140.2,1.38
480.09,140.2,1.38
487.08,140.2,1.38
494.07,140.2,1.38
501.05,140.2,1.38
508.04,140.2,1.38
515.04,140.2,1.38
522.03,140.2,1.38
529.02,140.2,1.38
536.01,140.2,1.38
543.0,140.2,1.38
549.99,140.2,1.38
556.98,140.2,1.38
563.97,140.2,1.38
570.96,140.2,1.38
577.95,140.2,1.38
584.94,140.2,1.38
591.93,140.2,1.38
598.92,140.2,1.38
605.91,140.2,1.38
612.9,140.2,1.38
619.89,140.2,1.38
626.88,140.2,1.38
633.87,140.2,1.38
640.86,140.2,1.38
647.85,140.2,1.38
654.84,140.2,1.38
661.83,140.2,1.38
668.82,140.2,1.38
675.81,140.2,1.38
682.8,140.2,1.38
689.79,140.2,1.38
696.78,140.2,1.38
703.77,140.2,1.38
710.76,140.2,1.38
717.75,140.2,1.38
724.74,140.2,1.38
731.73,140.2,1.38
738.72,140.2,1.38
745.71,140.2,1.38
752.7,140.2,1.38
759.69,140.2,1.38
766.68,140.2,1.38
773.67,140.2,1.38
780.66,140.2,1.38
787.65,140.2,1.38
794.64,140.2,1.38
801.63,140.2,1.38
808.62,140.2,1.38
815.61,140.2,1.38
822.6,140.2,1.38
829.59,140.2,1.38
836.58,140.2,1.38
843.57,140.2,1.38
850.56,140.2,1.38
857.55,140.2,1.38
864.54,140.2,1.38
871.53,140.2,1.38
878.52,140.2,1.38
885.51,140.2,1.38
892.5,140.2,1.53
899.49,140.2,2.87
123.6,135.67,2.87
130.58,135.67,1.53
137.58,135.67,1.38
144.57,135.67,1.38
151.56,135.67,1.38
158.55,135.67,1.38
165.54,135.67,1.38
172.53,135.67,1.38
179.52,135.67,1.38
186.51,135.67,1.38
193.5,135.67,1.38
200.49,135.67,1.38
207.48,135.67,1.38
214.47,135.67,1.38
221.46,135.67,1.38
228.45,135.67,1.38
235.44,135.67,1.38
242.43,135.67,1.38
249.42,135.67,1.38
256.41,135.67,1.38
263.4,135.67,1.38
270.39,135.67,1.38
277.38,135.67,1.38
284.37,135.67,1.38
291.36,135.67,1.38
298.35,135.67,1.38
305.34,135.67,1.38
312.33,135.67,1.38
319.32,135.67,1.38
326.31,135.67,1.38
333.29,135.67,1.38
340.29,135.67,1.38
347.28,135.67,1.38
354.27,135.67,1.38
361.26,135.67,1.38
368.25,135.67,1.38
375.24,135.67,1.38
382.23,135.67,1.38
389.22,135.67,1.38
396.21,135.67,1.38
403.2,135.67,1.38
410.19,135.67,1.38
417.17,135.67,1.38
424.17,135.67,1.38
431.16,135.67,1.38
438.15,135.67,1.38
445.14,135.67,1.38
452.13,135.67,1.38
459.12,135.67,1.38
466.11,135.67,1.38
473.1,135.67,1.38
480.09,135.67,1.38
487.08,135.67,1.38
494.07,135.67,1.38
501.05,135.67,1.38
508.04,135.67,1.38
515.04,135.67,1.38
522.03,135.67,1.38
529.02,135.67,1.38
536.01,135.67,1.38
543.0,135.67,1.38
549.99,135.67,1.38
556.98,135.67,1.38
563.97,135.67,1.38
570.96,135.67,1.38
577.95,135.67,1.38
584.94,135.67,1.38
591.93,135.67,1.38
598.92,135.67,1.38
605.91,135.67,1.38
612.9,135.67,1.38
619.89,135.67,1.38
626.88,135.67,1.38
633.87,135.67,1.38
640.86,135.67,1.38
647.85,135.67,1.38
654.84,135.67,1.38
661.83,135.67,1.38
668.82,135.67,1.38
675.81,135.67,1.38
682.8,135.67,1.38
689.79,135.67,1.38
696.78,135.67,1.38
703.77,135.67,1.38
710.76,135.67,1.38
717.75,135.67,1.38
724.74,135.67,1.38
731.73,135.67,1.38
738.72,135.67,1.38
745.71,135.67,1.38
752.7,135.67,1.38
759.69,135.67,1.38
766.68,135.67,1.38
773.67,135.67,1.38
780.66,135.67,1.38
787.65,135.67,1.38
794.64,135.67,1.38
801.63,135.67,1.38
808.62,135.67,1.38
815.61,135.67,1.38
822.6,135.67,1.38
829.59,135.67,1.38
836.58,135.67,1.38
843.57,135.67,1.38
850.56,135.67,1.38
857.55,135.67,1.38
864.54,135.67,1.38
871.53,135.67,1.38
878.52,135.67,1.38
885.51,135.67,1.38
892.5,135.67,1.53
899.49,135.67,2.87
123.6,131.14,2.87
130.58,131.14,1.53
137.58,131.14,1.38
144.57,131.14,1.38
151.56,131.14,1.38
158.55,131.14,1.38
165.54,131.14,1.38
172.53,131.14,1.38
179.52,131.14,1.38
186.51,131.14,1.38
193.5,131.14,1.38
200.49,131.14,1.38
207.48,131.14,1.38
214.47,131.14,1.38
221.46,131.14,1.38
228.45,131.14,1.38
235.44,131.14,1.38
242.43,131.14,1.38
249.42,131.14,1.38
256.41,131.14,1.38
263.4,131.14,1.38
270.39,131.14,1.38
277.38,131.14,1.38
284.37,131.14,1.38
291.36,131.14,1.38
298.35,131.14,1.38
305.34,131.14,1.38
312.33,131.14,1.38
319.32,131.14,1.38
326.31,131.14,1.38
333.29,131.14,1.38
340.29,131.14,1.38
347.28,131.14,1.38
354.27,131.14,1.38
361.26,131.14,1.38
368.25,131.14,1.38
375.24,131.14,1.38
382.23,131.14,1.38
389.22,131.14,1.38
396.21,131.14,1.38
403.2,131.14,1.38
410.19,131.14,1.38
417.17,131.14,1.38
424.17,131.14,1.38
431.16,131.14,1.38
438.15,131.14,1.38
445.14,131.14,1.38
452.13,131.14,1.38
459.12,131.14,1.38
466.11,131.14,1.38
473.1,131.14,1.38
480.09,131.14,1.38
487.08,131.14,1.38
494.07,131.14,1.38
501.05,131.14,1.38
508.04,131.14,1.38
515.04,131.14,1.38
522.03,131.14,1.38
529.02,131.14,1.38
536.01,131.14,1.38
543.0,131.14,1.38
549.99,131.14,1.38
556.98,131.14,1.38
563.97,131.14,1.38
570.96,131.14,1.38
577.95,131.14,1.38
584.94,131.14,1.38
591.93,131.14,1.38
598.92,131.14,1.38
605.91,131.14,1.38
612.9,131.14,1.38
619.89,131.14,1.38
626.88,131.14,1.38
633.87,131.14,1.38
640.86,131.14,1.38
647.85,131.14,1.38
654.84,131.14,1.38
661.83,131.14,1.38
668.82,131.14,1.38
675.81,131.14,1.38
682.8,131.14,1.38
689.79,131.14,1.38
696.78,131.14,1.38
703.77,131.14,1.38
710.76,131.14,1.38
717.75,131.14,1.38
724.74,131.14,1.38
731.73,131.14,1.38
738.72,131.14,1.38
745.71,131.14,1.38
752.7,131.14,1.38
759.69,131.14,1.38
766.68,131.14,1.38
773.67,131.14,1.38
780.66,131.14,1.38
787.65,131.14,1.38
794.64,131.14,1.38
801.63,131.14,1.38
808.62,131.14,1.38
815.61,131.14,1.38
822.6,131.14,1.38
829.59,131.14,1.38
836.58,131.14,1.38
843.57,131.14,1.38
850.56,131.14,1.38
857.55,131.14,1.38
864.54,131.14,1.38
871.53,131.14,1.38
878.52,131.14,1.38
885.51,131.14,1.38
892.5,131.14,1.53
899.49,131.14,2.87
123.6,126.61,3.41
130.58,126.61,2.56
137.58,126.61,2.33
144.57,126.61,2.33
151.56,126.61,2.33
158.55,126.61,2.33
165.54,126.61,2.33
172.53,126.61,2.33
179.52,126.61,2.33
186.51,126.61,2.33
193.5,126.61,2.33
200.49,126.61,2.33
207.48,126.61,2.33
214.47,126.61,2.33
221.46,126.61,2.33
228.45,126.61,2.33
235.44,126.61,2.33
242.43,126.61,2.33
249.42,126.61,2.33
256.41,126.61,2.33
263.4,126.61,2.33
270.39,126.61,2.33
277.38,126.61,2.33
284.37,126.61,2.33
291.36,126.61,2.33
298.35,126.61,2.33
305.34,126.61,2.33
312.33,126.61,2.33
319.32,126.61,2.33
326.31,126.61,2.33
333.29,126.61,2.33
340.29,126.61,2.33
347.28,126.61,2.33
354.27,126.61,2.33
361.26,126.61,2.33
368.25,126.61,2.33
375.24,126.61,2.33
382.23,126.61,2.33
389.22,126.61,2.33
396.21,126.61,2.33
403.2,126.61,2.33
410.19,126.61,2.33
417.17,126.61,2.33
424.17,126.61,2.33
431.16,126.61,2.33
438.15,126.61,2.33
445.14,126.61,2.33
452.13,126.61,2.33
459.12,126.61,2.33
466.11,126.61,2.33
473.1,126.61,2.33
480.09,126.61,2.33
487.08,126.61,2.33
494.07,126.61,2.33
501.05,126.61,2.33
508.04,126.61,2.33
515.04,126.61,2.33
522.03,126.61,2.33
529.02,126.61,2.33
536.01,126.61,2.33
543.0,126.61,2.33
549.99,126.61,2.33
556.98,126.61,2.33
563.97,126.61,2.33
570.96,126.61,2.33
577.95,126.61,2.33
584.94,126.61,2.33
591.93,126.61,2.33
598.92,126.61,2.33
605.91,126.61,2.33
612.9,126.61,2.33
619.89,126.61,2.33
626.88,126.61,2.33
633.87,126.61,2.33
640.86,126.61,2.33
647.85,126.61,2.33
654.84,126.61,2.33
661.83,126.61,2.33
668.82,126.61,2.33
675.81,126.61,2.33
682.8,126.61,2.33
689.79,126.61,2.33
696.78,126.61,2.33
703.77,126.61,2.33
710.76,126.61,2.33
717.75,126.61,2.33
724.74,126.61,2.33
731.73,126.61,2.33
738.72,126.61,2.33
745.71,126.61,2.33
752.7,126.61,2.33
759.69,126.61,2.33
766.68,126.61,2.33
773.67,126.61,2.33
780.66,126.61,2.33
787.65,126.61,2.33
794.64,126.61,2.33
801.63,126.61,2.33
808.62,126.61,2.33
815.61,126.61,2.33
822.6,126.61,2.33
829.59,126.61,2.33
836.58,126.61,2.33
843.57,126.61,2.33
850.56,126.61,2.33
857.55,126.61,2.33
864.54,126.61,2.33
871.53,126.61,2.33
878.52,126.61,2.33
885.51,126.61,2.33
892.5,126.61,2.56
899.49,126.61,3.41

name,Alberta [GAP]
width,2057
length,600
product_id,432
pressure_units,psf
w_p,6.99
l_p,3.45
s_row,4.53
nw height,40
nw parapet,.67
nw major,true
nw minor,true
nw q_value,20
ne height,40
ne parapet,.67
ne major,true
ne minor,true
ne q_value,20
sw height,40
sw parapet,.67
sw major,true
sw minor,true
sw q_value,20
se height,40
se parapet,.67
se major,true
se minor,true
se q_value,20
zone_de q_value_north,20
zone_de q_value_east,20
zone_de q_value_west,20
zone_de q_value_south,20
